,model_name,extended_name,price,price_judgement,kilometers,transmission,release_date,fuel,power,owner,owner_adress
0,Audi Q2 ,1.0 TFSI SPORT LED TOIT PANO SIEGES SPORT JA17,"€ 18 990,-",Très bon prix,65 136 km,Boîte automatique,06/2017,Essence,85 kW (116 CH),,
1,Audi Q2 ,1.4 TFSI 150 COD Design,"€ 17 900,-",Pas d'information,48 500 km,Boîte manuelle,02/2018,Essence,110 kW (150 CH),,
2,Audi Q2 ,30 TFSI *Black pack *Navigatie *Cruise Control,"€ 19 250,-",Très bon prix,83 481 km,Boîte manuelle,02/2020,Essence,85 kW (116 CH),,
3,Audi Q2 ,Q2 2.0 35 TDI quattro sport Autom./Klima/LED/BC,"€ 23 900,-",Bon prix,96 151 km,Boîte automatique,11/2019,Diesel,110 kW (150 CH),,
4,Audi Q2 ,1.4 Essence 150 S-TRONIC AUTOMATIQUE,"€ 17 900,-",Très bon prix,89 489 km,Boîte automatique,06/2017,Essence,110 kW (150 CH),,
5,Audi Q2 ,35 TFSI Design***NAVI-CRUISE-PARKING AV \u0026 AR*,"€ 22 190,-",Bon prix,41 000 km,Boîte manuelle,01/2020,Essence,110 kW (150 CH),,
6,Audi Q2 ,30 TDI,"€ 17 900,-",Bon prix,91 000 km,Boîte manuelle,10/2018,Diesel,85 kW (116 CH),,
7,Audi Q2 ,1.0 TFSI 116 ch BVM6 Design,"€ 14 000,-",Très bon prix,142 000 km,Boîte manuelle,06/2018,Essence,85 kW (116 CH),,
8,Audi Q2 ,1.4 TFSI COD 150 ch S tronic 7 S Line,"€ 22 400,-",Prix correct,88 000 km,Boîte automatique,10/2017,Essence,110 kW (150 CH),,
9,Audi Q2 ,1.5 TFSI 150 Design Luxe,"€ 18 990,-",Bon prix,87 987 km,Boîte manuelle,04/2017,Essence,110 kW (150 CH),,
10,Audi Q2 ,Advanced ** GARANTIE 24 MOIS **,"€ 26 990,-",Bon prix,48 616 km,Boîte automatique,02/2021,Essence,110 kW (150 CH),,
11,Audi Q2 ,1.6 TDi Design EURO 6b /GPS NAVI /BLUETOOTH /PDC,"€ 15 950,-",Bon prix,97 000 km,Boîte manuelle,01/2018,Diesel,85 kW (116 CH),,
12,Audi Q2 ,1.0 TFSI Design,,Très bon prix,46 955 km,Boîte manuelle,12/2017,Essence,85 kW (116 CH),,
13,Audi Q2 ,35 TFSI S-Line S-Tr SG CHFF GPS VIRTUAL SMARTPHONE,"€ 30 750,-",Bon prix,8 300 km,Boîte automatique,10/2023,Essence,110 kW (150 CH),,
14,Audi Q2 ,30 TFSI ** LED Navi PDC,"€ 19 490,-",Très bon prix,57 621 km,Boîte manuelle,09/2019,Essence,85 kW (116 CH),,
15,Audi Q2 ,1.6 TDI SPORT,"€ 18 990,-",Très bon prix,96 000 km,Boîte manuelle,06/2018,Diesel,85 kW (116 CH),,
16,Audi Q2 ,40 TFSI 190 S tronic 7 Quattro S Line,"€ 28 990,-",Prix correct,20 500 km,Boîte automatique,02/2019,Essence,140 kW (190 CH),,
17,Audi Q2 ,1.6 TDI 116 Design Luxe,"€ 15 990,-",Bon prix,134 639 km,Boîte manuelle,03/2017,Diesel,85 kW (116 CH),,
18,Audi Q2 ,30TFSi Design *CUIR-NAVI-CAMERA-CRUISE-PARKING*,"€ 19 490,-",Prix correct,63 000 km,Boîte manuelle,01/2019,Essence,85 kW (116 CH),,
19,Audi Q2 ,1.5 TFSI 150 S-Tronic 7 Advanced,"€ 24 890,-",Très bon prix,29 024 km,Boîte automatique,08/2021,Essence,110 kW (150 CH),,
20,Audi Q2 ,1.0 TFSI SPORT LED TOIT PANO SIEGES SPORT JA17,"€ 18 990,-",Très bon prix,65 136 km,Boîte automatique,06/2017,Essence,85 kW (116 CH),,
21,Audi Q2 ,1.4 TFSI 150 COD Design,"€ 17 900,-",Pas d'information,48 500 km,Boîte manuelle,02/2018,Essence,110 kW (150 CH),,
22,Audi Q2 ,30 TFSI *Black pack *Navigatie *Cruise Control,"€ 19 250,-",Très bon prix,83 481 km,Boîte manuelle,02/2020,Essence,85 kW (116 CH),,
23,Audi Q2 ,Q2 2.0 35 TDI quattro sport Autom./Klima/LED/BC,"€ 23 900,-",Bon prix,96 151 km,Boîte automatique,11/2019,Diesel,110 kW (150 CH),,
24,Audi Q2 ,1.4 Essence 150 S-TRONIC AUTOMATIQUE,"€ 17 900,-",Très bon prix,89 489 km,Boîte automatique,06/2017,Essence,110 kW (150 CH),,
25,Audi Q2 ,35 TFSI Design***NAVI-CRUISE-PARKING AV \u0026 AR*,"€ 22 190,-",Bon prix,41 000 km,Boîte manuelle,01/2020,Essence,110 kW (150 CH),,
26,Audi Q2 ,30 TDI,"€ 17 900,-",Bon prix,91 000 km,Boîte manuelle,10/2018,Diesel,85 kW (116 CH),,
27,Audi Q2 ,1.0 TFSI 116 ch BVM6 Design,"€ 14 000,-",Très bon prix,142 000 km,Boîte manuelle,06/2018,Essence,85 kW (116 CH),,
28,Audi Q2 ,1.4 TFSI COD 150 ch S tronic 7 S Line,"€ 22 400,-",Prix correct,88 000 km,Boîte automatique,10/2017,Essence,110 kW (150 CH),,
29,Audi Q2 ,1.5 TFSI 150 Design Luxe,"€ 18 990,-",Bon prix,87 987 km,Boîte manuelle,04/2017,Essence,110 kW (150 CH),,
30,Audi Q2 ,Advanced ** GARANTIE 24 MOIS **,"€ 26 990,-",Bon prix,48 616 km,Boîte automatique,02/2021,Essence,110 kW (150 CH),,
31,Audi Q2 ,1.6 TDi Design EURO 6b /GPS NAVI /BLUETOOTH /PDC,"€ 15 950,-",Bon prix,97 000 km,Boîte manuelle,01/2018,Diesel,85 kW (116 CH),,
32,Audi Q2 ,1.0 TFSI Design,,Très bon prix,46 955 km,Boîte manuelle,12/2017,Essence,85 kW (116 CH),,
33,Audi Q2 ,35 TFSI S-Line S-Tr SG CHFF GPS VIRTUAL SMARTPHONE,"€ 30 750,-",Bon prix,8 300 km,Boîte automatique,10/2023,Essence,110 kW (150 CH),,
34,Audi Q2 ,30 TFSI ** LED Navi PDC,"€ 19 490,-",Très bon prix,57 621 km,Boîte manuelle,09/2019,Essence,85 kW (116 CH),,
35,Audi Q2 ,1.6 TDI SPORT,"€ 18 990,-",Très bon prix,96 000 km,Boîte manuelle,06/2018,Diesel,85 kW (116 CH),,
36,Audi Q2 ,40 TFSI 190 S tronic 7 Quattro S Line,"€ 28 990,-",Prix correct,20 500 km,Boîte automatique,02/2019,Essence,140 kW (190 CH),,
37,Audi Q2 ,1.6 TDI 116 Design Luxe,"€ 15 990,-",Bon prix,134 639 km,Boîte manuelle,03/2017,Diesel,85 kW (116 CH),,
38,Audi Q2 ,30TFSi Design *CUIR-NAVI-CAMERA-CRUISE-PARKING*,"€ 19 490,-",Prix correct,63 000 km,Boîte manuelle,01/2019,Essence,85 kW (116 CH),,
39,Audi Q2 ,1.5 TFSI 150 S-Tronic 7 Advanced,"€ 24 890,-",Très bon prix,29 024 km,Boîte automatique,08/2021,Essence,110 kW (150 CH),,
40,Audi Q2 ,1.0 TFSI SPORT LED TOIT PANO SIEGES SPORT JA17,"€ 18 990,-",Très bon prix,65 136 km,Boîte automatique,06/2017,Essence,85 kW (116 CH),,
41,Audi Q2 ,1.4 TFSI 150 COD Design,"€ 17 900,-",,,,,,,,
42,,,,,,,,,,,
43,,,,,,,,,,,
44,,,,,,,,,,,
45,,,,,,,,,,,
46,,,,,,,,,,,
47,,,,,,,,,,,
48,,,,,,,,,,,
49,,,,,,,,,,,
50,,,,,,,,,,,
51,,,,,,,,,,,
52,,,,,,,,,,,
53,,,,,,,,,,,
54,,,,,,,,,,,
55,,,,,,,,,,,
56,,,,,,,,,,,
57,,,,,,,,,,,
58,,,,,,,,,,,
59,,,,,,,,,,,
60,Audi Q2 ,35 1.5 TFSI basis (EURO 6d),"€ 24 300,-",Bon prix,38 777 km,Boîte manuelle,06/2022,Essence,110 kW (150 CH),,
61,Audi Q2 ,2.0 TDI 190 ch S tronic 7 Quattro,"€ 21 990,-",Bon prix,162 400 km,Boîte manuelle,04/2017,Diesel,140 kW (190 CH),,
62,Audi Q2 ,,,,,,,,,,
63,,,,,,,,,,,
64,,,,,,,,,,,
65,,,,,,,,,,,
66,,,,,,,,,,,
67,,,,,,,,,,,
68,,,,,,,,,,,
69,,,,,,,,,,,
70,,,,,,,,,,,
71,,,,,,,,,,,
72,,,,,,,,,,,
73,,,,,,,,,,,
74,,,,,,,,,,,
75,,,,,,,,,,,
76,,,,,,,,,,,
77,,,,,,,,,,,
78,,,,,,,,,,,
79,,,,,,,,,,,
80,Audi Q2 ,1.4 35 TFSI 150 S-LINE S-TRONIC,"€ 21 490,-",Bon prix,86 800 km,Boîte automatique,06/2017,Essence,111 kW (151 CH),,
81,Audi Q2 ,35 TFSI 150ch COD S line Plus S tronic 7,"€ 28 499,-",Pas d'information,70 500 km,Boîte automatique,03/2021,Essence,- kW (- CH),,
82,Audi Q2 ,1.6TDi Sport *NAVI-CRUISE-SIEGES CHAUFFANTS*,"€ 19 990,-",Bon prix,67 000 km,Boîte manuelle,03/2017,,,,
83,,,,,,,,,,,
84,,,,,,,,,,,
85,,,,,,,,,,,
86,,,,,,,,,,,
87,,,,,,,,,,,
88,,,,,,,,,,,
89,,,,,,,,,,,
90,,,,,,,,,,,
91,,,,,,,,,,,
92,,,,,,,,,,,
93,,,,,,,,,,,
94,,,,,,,,,,,
95,,,,,,,,,,,
96,,,,,,,,,,,
97,,,,,,,,,,,
98,,,,,,,,,,,
99,,,,,,,,,,,
100,Audi Q2 ,2.0 TDI 190ch S line quattro S tronic 7,"€ 25 999,-",Pas d'information,84 713 km,- Boîte,09/2017,Diesel,142 kW (193 CH),,
101,Audi Q2 ,35 TFSI 150 S tronic 7 S line Plus,"€ 35 490,-",Pas d'information,26 000 km,Boîte automatique,05/2022,Essence,110 kW (150 CH),,
102,,,,,,,,,,,
103,,,,,,,,,,,
104,,,,,,,,,,,
105,,,,,,,,,,,
106,,,,,,,,,,,
107,,,,,,,,,,,
108,,,,,,,,,,,
109,,,,,,,,,,,
110,,,,,,,,,,,
111,,,,,,,,,,,
112,,,,,,,,,,,
113,,,,,,,,,,,
114,,,,,,,,,,,
115,,,,,,,,,,,
116,,,,,,,,,,,
117,,,,,,,,,,,
118,,,,,,,,,,,
119,,,,,,,,,,,
120,Audi Q2 ,-30% 30 TFSI 110 SPORT+GPS+RADAR+LED+ATTELAGE+OPTS,"€ 27 390,-",Prix correct,8 355 km,Boîte manuelle,03/2023,Essence,81 kW (110 CH),,
121,Audi Q2 ,-30% 30 TFSI 110 SPORT+GPS+RADAR+LED+ATTELAGE+OPTS,,,,,,,,,
122,,,,,,,,,,,
123,,,,,,,,,,,
124,,,,,,,,,,,
125,,,,,,,,,,,
126,,,,,,,,,,,
127,,,,,,,,,,,
128,,,,,,,,,,,
129,,,,,,,,,,,
130,,,,,,,,,,,
131,,,,,,,,,,,
132,,,,,,,,,,,
133,,,,,,,,,,,
134,,,,,,,,,,,
135,,,,,,,,,,,
136,,,,,,,,,,,
137,,,,,,,,,,,
138,,,,,,,,,,,
139,,,,,,,,,,,
140,Audi Q2 ,35 TFSI 150CH COD S LINE PLUS S TRONIC 7,"€ 24 990,-",Pas d'information,51 171 km,- Boîte,08/2020,Essence,112 kW (152 CH),,
141,Audi Q2 ,advanced/30TDI/S-Tronic,"€ 30 490,-",Prix correct,33 247 km,Boîte automatique,06/2022,Diesel,85 kW (116 CH),,
142,Audi Q2 ,35tfsi sline stronic 2020,"€ 29 900,-",Prix correct,32 600 km,Boîte automatique,01/2020,Essence,111 kW (151 CH),,
143,Audi Q2 ,40 TDI 190CH S LINE QUATTRO S TRONIC 7,"€ 31 900,-",Pas d'information,72 900 km,Boîte automatique,04/2018,Diesel,142 kW (193 CH),,
144,Audi Q2 ,30 TDI 116 S tronic 7 DESIGN,"€ 20 999,-",Bon prix,92 844 km,Boîte automatique,10/2020,Diesel,85 kW (116 CH),,
145,Audi Q2 ,30 TFSI ADVANCED LED ACC CARPLAY CAMERA JA17,"€ 29 990,-",Prix correct,19 km,Boîte manuelle,02/2024,Essence,81 kW (110 CH),,
146,Audi Q2 ,30 TSI 116 cv DESIGN - Camera -,"€ 18 990,-",Bon prix,91 000 km,Boîte manuelle,02/2019,Essence,85 kW (116 CH),,
147,Audi Q2 ,,,,,,,,,,
148,,,,,,,,,,,
149,,,,,,,,,,,
150,,,,,,,,,,,
151,,,,,,,,,,,
152,,,,,,,,,,,
153,,,,,,,,,,,
154,,,,,,,,,,,
155,,,,,,,,,,,
156,,,,,,,,,,,
157,,,,,,,,,,,
158,,,,,,,,,,,
159,,,,,,,,,,,
160,Audi Q2 ,35 1.5 TFSI 150 ch DESIGN S TRONIC 7,,Bon prix,42 000 km,Boîte automatique,05/2021,Essence,110 kW (150 CH),,
161,Audi Q2 ,1.4 TFSI COD 150 ch S-tronic 7 S-LINE,"€ 21 900,-",Prix correct,109 900 km,Boîte automatique,03/2017,Essence,111 kW (151 CH),,
162,Audi Q2 ,35 TFSI 150ch S line S tronic 7,"€ 38 990,-",Pas d'information,14 759 km,- Boîte,03/2023,Essence,112 kW (152 CH),,
163,Audi Q2 ,35 TDI 150ch S line quattro S tronic 7 Euro6d-T 13,"€ 22 990,-",Pas d'information,92 500 km,- Boîte,12/2019,Diesel,112 kW (152 CH),,
164,Audi Q2 ,1.6 TDI - 116 - Design,"€ 20 490,-",Prix correct,73 696 km,Boîte manuelle,12/2016,Diesel,85 kW (116 CH),,
165,Audi Q2 ,35 TDI 150ch Business line S tronic 7,"€ 29 499,-",Pas d'information,56 313 km,Boîte automatique,01/2022,Diesel,,,
166,,,,,,,,,,,
167,,,,,,,,,,,
168,,,,,,,,,,,
169,,,,,,,,,,,
170,,,,,,,,,,,
171,,,,,,,,,,,
172,,,,,,,,,,,
173,,,,,,,,,,,
174,,,,,,,,,,,
175,,,,,,,,,,,
176,,,,,,,,,,,
177,,,,,,,,,,,
178,,,,,,,,,,,
179,,,,,,,,,,,
180,Audi Q2 ,35 TFSI 150ch COD S line S tronic 7 Euro6d-T,"€ 25 299,-",Pas d'information,60 118 km,Boîte automatique,06/2019,Essence,- kW (- CH),,
181,Audi Q2 ,35 TDI 150 S tronic 7 S line,"€ 41 044,-",Prix correct,1 113 km,Boîte automatique,01/2024,Diesel,110 kW (150 CH),,
182,Audi Q2 ,35 TDI 150ch Advanced S tronic 7,"€ 28 799,-",Pas d'information,29 375 km,Boîte automatique,07/2021,Diesel,- kW (- CH),,
183,Audi Q2 ,TFSI 116 Design +GPS +PDC AR/AV,"€ 20 900,-",Pas d'information,74 850 km,Boîte manuelle,01/2019,,,,
184,,,,,,,,,,,
185,,,,,,,,,,,
186,,,,,,,,,,,
187,,,,,,,,,,,
188,,,,,,,,,,,
189,,,,,,,,,,,
190,,,,,,,,,,,
191,,,,,,,,,,,
192,,,,,,,,,,,
193,,,,,,,,,,,
194,,,,,,,,,,,
195,,,,,,,,,,,
196,,,,,,,,,,,
197,,,,,,,,,,,
198,,,,,,,,,,,
199,,,,,,,,,,,
200,Audi Q2 ,advanced,"€ 33 835,-",Très bon prix,3 400 km,Boîte automatique,01/2024,Diesel,85 kW (116 CH),,
201,Audi Q2 ,1.4 TFSI 150ch COD S line S tronic 7,"€ 32 780,-",Pas d'information,20 753 km,- Boîte,12/2017,Essence,112 kW (152 CH),,
202,Audi Q2 ,40 TFSI 190 S tronic 7 Quattro Design,"€ 26 990,-",Prix correct,36 724 km,Boîte automatique,06/2018,Essence,140 kW (190 CH),,
203,Audi Q2 ,1.4 TFSI 150ch COD Design S tronic 7,"€ 21 999,-",Pas d'information,71 318 km,Boîte automatique,05/2018,Essence,- kW (- CH),,
204,Audi Q2 ,40 TFSI 190ch Design quattro S tronic 7 Euro6d-T,"€ 28 900,-",Pas d'information,52 100 km,- Boîte,02/2020,Essence,142 kW (193 CH),,
205,Audi Q2 ,1.4 TFSI COD 150 ch S tronic 7 S Line,"€ 19 500,-",Prix correct,110 000 km,Boîte manuelle,11/2017,Essence,110 kW (150 CH),,
206,Audi Q2 ,35 TFSI 150ch S line,"€ 25 000,-",Bon prix,24 579 km,Boîte manuelle,01/2020,Essence,112 kW (152 CH),,
207,Audi Q2 ,,,,,,,,,,
208,,,,,,,,,,,
209,,,,,,,,,,,
210,,,,,,,,,,,
211,,,,,,,,,,,
212,,,,,,,,,,,
213,,,,,,,,,,,
214,,,,,,,,,,,
215,,,,,,,,,,,
216,,,,,,,,,,,
217,,,,,,,,,,,
218,,,,,,,,,,,
219,,,,,,,,,,,
220,Audi Q2 ,1.0 TFSI 116 ch BVM6 S Line,"€ 21 950,-",Pas d'information,95 000 km,Boîte manuelle,02/2018,Essence,85 kW (116 CH),,
221,Audi Q2 ,35 1.5 TFSI S line (EURO 6d),"€ 35 800,-",Pas d'information,27 382 km,Boîte automatique,06/2023,Essence,110 kW (150 CH),,
222,Audi Q2 ,35 TFSI 150CH COD BUSINESS LINE S TRONIC 7 EURO6D-,"€ 23 490,-",Pas d'information,65 934 km,- Boîte,10/2019,Essence,112 kW (152 CH),,
223,Audi Q2 ,35 1.5 TFSI S line (EURO 6d),"€ 33 300,-",,,,,,,,
224,,,,,,,,,,,
225,,,,,,,,,,,
226,,,,,,,,,,,
227,,,,,,,,,,,
228,,,,,,,,,,,
229,,,,,,,,,,,
230,,,,,,,,,,,
231,,,,,,,,,,,
232,,,,,,,,,,,
233,,,,,,,,,,,
234,,,,,,,,,,,
235,,,,,,,,,,,
236,,,,,,,,,,,
237,,,,,,,,,,,
238,,,,,,,,,,,
239,,,,,,,,,,,
240,Audi Q2 ,ii phase 2 design 30 tfsi,"€ 24 500,-",Très bon prix,35 000 km,Boîte manuelle,06/2023,Essence,81 kW (110 CH),,
241,,,,,,,,,,,
242,,,,,,,,,,,
243,,,,,,,,,,,
244,,,,,,,,,,,
245,,,,,,,,,,,
246,,,,,,,,,,,
247,,,,,,,,,,,
248,,,,,,,,,,,
249,,,,,,,,,,,
250,,,,,,,,,,,
251,,,,,,,,,,,
252,,,,,,,,,,,
253,,,,,,,,,,,
254,,,,,,,,,,,
255,,,,,,,,,,,
256,,,,,,,,,,,
257,,,,,,,,,,,
258,,,,,,,,,,,
259,,,,,,,,,,,
260,Audi Q2 ,"S line 35 TFSI 150 PS Sportsitze, Navi, Klima&K...","€ 40 930,-",Pas d'information,- km,Boîte automatique,- (Année),Essence,110 kW (150 CH),,
261,Audi Q2 ,35 TDI 150ch S line S tronic 7,"€ 42 453,-",Pas d'information,7 600 km,Boîte automatique,10/2022,Diesel,- kW (- CH),,
262,Audi Q2 ,Sport # Garantie 24 mois #,"€ 25 990,-",Prix correct,46 137 km,Boîte automatique,05/2019,Essence,110 kW (150 CH),,
263,Audi Q2 ,Q2 30 TDI 116 S tronic 7 Design Luxe,"€ 25 990,-",Pas d'information,52 154 km,Boîte manuelle,01/2020,Diesel,85 kW (116 CH),,
264,Audi Q2 ,2.0 TDI 150 S-tronic S-Line Quattro,"€ 23 980,-",Pas d'information,90 840 km,Boîte automatique,12/2017,Diesel,- kW (- CH),,
265,Audi Q2 ,Q2 30 TFSI 116 BVM6,"€ 22 990,-",Pas d'information,47 649 km,Boîte manuelle,11/2019,Essence,85 kW (116 CH),,
266,Audi Q2 ,2.0 TDI 150ch Design luxe quattro S tronic 7,"€ 19 499,-",Pas d'information,140 711 km,Boîte automatique,09/2017,Diesel,- kW (- CH),,
267,Audi Q2 ,"S line 35 TFSI 110(150) kW(PS) S ACC, MMI Navi,...","€ 38 250,-",Pas d'information,- km,Boîte automatique,- (Année),Essence,110 kW (150 CH),,
268,Audi Q2 ,2.0 TDI 190 ch Quattro - Ambition Luxe,"€ 24 990,-",Prix correct,102 000 km,Boîte automatique,03/2017,Diesel,140 kW (190 CH),,
269,Audi Q2 ,"35 TFSI 150ch S-Line BVM6, GPS | CARPLAY | ACC | P","€ 23 900,-",Prix correct,59 700 km,Boîte manuelle,07/2019,Essence,110 kW (150 CH),,
270,Audi Q2 ,30 TDI Design LED Navi PTS AHK,"€ 27 900,-",Pas d'information,17 200 km,Boîte manuelle,10/2020,Diesel,85 kW (116 CH),,
271,Audi Q2 ,35 TFSI 150ch S line S tronic 7,"€ 37 790,-",Pas d'information,12 500 km,- Boîte,05/2023,Essence,112 kW (152 CH),,
272,Audi Q2 ,35 TDI 150ch Advanced S tronic 7,"€ 34 900,-",Pas d'information,16 122 km,Boîte automatique,07/2023,Diesel,- kW (- CH),,
273,Audi Q2 ,30 TDI 116 S tronic Business Line,"€ 22 590,-",Prix correct,49 423 km,Boîte automatique,11/2019,Diesel,85 kW (116 CH),,
274,Audi Q2 ,35 TFSI,"€ 28 490,-",Prix correct,34 400 km,Boîte automatique,11/2022,Essence,110 kW (150 CH),,
275,Audi Q2 ,S line,"€ 52 629,-",Pas d'information,10 km,Boîte automatique,- (Année),Diesel,110 kW (150 CH),,
276,Audi Q2 ,35 TFSI 150ch S line,,Pas d'information,11 000 km,Boîte manuelle,08/2023,Essence,- kW (- CH),,
277,Audi Q2 ,35 2.0 TDI S line (EURO 6d),"€ 34 700,-",Prix correct,20 086 km,Boîte automatique,04/2023,Diesel,85 kW (116 CH),,
278,Audi Q2 ,30 TDI 116ch Advanced S tronic 7,"€ 34 990,-",Pas d'information,5 000 km,- Boîte,11/2023,Diesel,87 kW (118 CH),,
279,Audi Q2 ,35 TFSI 150ch S line,"€ 42 799,-",Pas d'information,7 000 km,Boîte manuelle,08/2023,Essence,- kW (- CH),,
280,Audi Q2 ,"S line 35 TFSI 150 PS Sportsitze, Navi, Klima&K...","€ 40 930,-",Pas d'information,- km,Boîte automatique,- (Année),Essence,110 kW (150 CH),,
281,Audi Q2 ,35 TDI 150ch S line S tronic 7,"€ 42 453,-",Pas d'information,7 600 km,Boîte automatique,10/2022,Diesel,- kW (- CH),,
282,Audi Q2 ,Sport # Garantie 24 mois #,"€ 25 990,-",Prix correct,46 137 km,Boîte automatique,05/2019,Essence,110 kW (150 CH),,
283,Audi Q2 ,Q2 30 TDI 116 S tronic 7 Design Luxe,"€ 25 990,-",Pas d'information,52 154 km,Boîte manuelle,01/2020,Diesel,85 kW (116 CH),,
284,Audi Q2 ,2.0 TDI 150 S-tronic S-Line Quattro,"€ 23 980,-",Pas d'information,90 840 km,Boîte automatique,12/2017,Diesel,- kW (- CH),,
285,Audi Q2 ,Q2 30 TFSI 116 BVM6,"€ 22 990,-",Pas d'information,47 649 km,Boîte manuelle,11/2019,Essence,85 kW (116 CH),,
286,Audi Q2 ,2.0 TDI 150ch Design luxe quattro S tronic 7,"€ 19 499,-",Pas d'information,140 711 km,Boîte automatique,09/2017,Diesel,- kW (- CH),,
287,Audi Q2 ,"S line 35 TFSI 110(150) kW(PS) S ACC, MMI Navi,...","€ 38 250,-",Pas d'information,- km,Boîte automatique,- (Année),Essence,110 kW (150 CH),,
288,Audi Q2 ,2.0 TDI 190 ch Quattro - Ambition Luxe,"€ 24 990,-",Prix correct,102 000 km,Boîte automatique,03/2017,Diesel,140 kW (190 CH),,
289,Audi Q2 ,"35 TFSI 150ch S-Line BVM6, GPS | CARPLAY | ACC | P","€ 23 900,-",Prix correct,59 700 km,Boîte manuelle,07/2019,Essence,110 kW (150 CH),,
290,Audi Q2 ,30 TDI Design LED Navi PTS AHK,"€ 27 900,-",Pas d'information,17 200 km,Boîte manuelle,10/2020,Diesel,85 kW (116 CH),,
291,Audi Q2 ,35 TFSI 150ch S line S tronic 7,"€ 37 790,-",Pas d'information,12 500 km,- Boîte,05/2023,Essence,112 kW (152 CH),,
292,Audi Q2 ,35 TDI 150ch Advanced S tronic 7,"€ 34 900,-",Pas d'information,16 122 km,Boîte automatique,07/2023,Diesel,- kW (- CH),,
293,Audi Q2 ,30 TDI 116 S tronic Business Line,"€ 22 590,-",Prix correct,49 423 km,Boîte automatique,11/2019,Diesel,85 kW (116 CH),,
294,Audi Q2 ,35 TFSI,"€ 28 490,-",Prix correct,34 400 km,Boîte automatique,11/2022,Essence,110 kW (150 CH),,
295,Audi Q2 ,S line,"€ 52 629,-",Pas d'information,10 km,Boîte automatique,- (Année),Diesel,110 kW (150 CH),,
296,Audi Q2 ,35 TFSI 150ch S line,,Pas d'information,11 000 km,Boîte manuelle,08/2023,Essence,- kW (- CH),,
297,Audi Q2 ,,,,,,,,,,
298,,,,,,,,,,,
299,,,,,,,,,,,
300,Audi Q2 ,35 TDI 150ch S line Plus quattro S tronic 7,"€ 32 490,-",Pas d'information,67 527 km,- Boîte,05/2021,Diesel,112 kW (152 CH),,
301,Audi Q2 ,35 TFSI,"€ 28 900,-",Bon prix,21 800 km,Boîte automatique,09/2022,Essence,110 kW (150 CH),,
302,Audi Q2 ,advanced 35 TFSI 110(150) kW(PS) Infotainmentp....,"€ 32 050,-",Pas d'information,- km,Boîte automatique,- (Année),Essence,110 kW (150 CH),,
303,Audi Q2 ,1.4 TFSI 150ch COD S line S tronic 7,"€ 39 990,-",Très bon prix,20 km,Boîte automatique,12/2017,Essence,112 kW (152 CH),,
304,Audi Q2 ,35 TFSI 150ch S line S tronic 7,"€ 42 990,-",Pas d'information,7 500 km,- Boîte,12/2023,Essence,112 kW (152 CH),,
305,Audi Q2 ,1.6 30 TDI 116,"€ 20 990,-",Bon prix,35 704 km,Boîte manuelle,08/2018,Diesel,85 kW (116 CH),,
306,Audi Q2 ,advanced 35 TFSI 110(150) kW(PS) Infotainmentp....,"€ 32 050,-",Pas d'information,- km,Boîte automatique,- (Année),Essence,110 kW (150 CH),,
307,Audi Q2 ,1.4 TFSI 150ch COD S line S tronic 7,"€ 39 990,-",Très bon prix,20 km,Boîte automatique,12/2017,Essence,112 kW (152 CH),,
308,Audi Q2 ,1.6 TDI 116 ch S tronic 7,"€ 24 900,-",Pas d'information,58 894 km,Boîte automatique,11/2018,Diesel,85 kW (116 CH),,
309,Audi Q2 ,2..0 TDI 190 ch S TRONIC 7 QUATTRO S LINE TOIT OUV,"€ 25 490,-",Bon prix,81 900 km,Boîte automatique,02/2017,Diesel,140 kW (190 CH),,
310,Audi Q2 ,35 TDI 150 S tronic 7 S line,"€ 40 898,-",Prix correct,10 km,Boîte automatique,01/2024,Diesel,110 kW (150 CH),,
311,Audi Q2 ,30 TDI 116ch Design Luxe S tronic 7,"€ 38 099,-",Pas d'information,7 000 km,Boîte automatique,05/2023,Diesel,- kW (- CH),,
312,Audi Q2 ,35 TFSI,"€ 28 900,-",Bon prix,26 500 km,Boîte automatique,09/2022,Essence,110 kW (150 CH),,
313,Audi Q2 ,35 TDI S line Martix Navi ACC AHK,"€ 35 980,-",Prix correct,15 422 km,Boîte automatique,05/2022,Diesel,110 kW (150 CH),,
314,Audi Q2 ,35 2.0 TDI advanced (EURO 6d),"€ 33 350,-",Prix correct,20 078 km,Boîte automatique,07/2023,Diesel,110 kW (150 CH),,
315,Audi Q2 ,35 TFSI,"€ 28 900,-",Bon prix,26 500 km,Boîte automatique,09/2022,Essence,110 kW (150 CH),,
316,Audi Q2 ,advanced,"€ 44 939,-",Pas d'information,100 km,Boîte automatique,- (Année),Diesel,85 kW (116 CH),,
317,Audi Q2 ,1.6 TDI 116 ch BVM6 Sport,"€ 18 900,-",Bon prix,110 000 km,Boîte manuelle,01/2017,Diesel,85 kW (116 CH),,
318,Audi Q2 ,1.4 TFSI COD 150 ch S tronic 7 Line,"€ 25 490,-",Pas d'information,54 000 km,Boîte manuelle,04/2018,Essence,110 kW (150 CH),,
319,Audi Q2 ,30 TDI S-TRONIC SPORT TOIT PANO LED GPS B\u0026O J,"€ 24 990,-",Bon prix,46 322 km,Boîte automatique,03/2019,Diesel,85 kW (116 CH),,
320,Audi Q2 ,35 TDI 150ch S line Plus quattro S tronic 7,"€ 32 490,-",Pas d'information,67 527 km,- Boîte,05/2021,Diesel,112 kW (152 CH),,
321,Audi Q2 ,35 TFSI,"€ 28 900,-",Bon prix,21 800 km,Boîte automatique,09/2022,Essence,110 kW (150 CH),,
322,Audi Q2 ,advanced 35 TFSI 110(150) kW(PS) Infotainmentp....,"€ 32 050,-",Pas d'information,- km,Boîte automatique,- (Année),Essence,110 kW (150 CH),,
323,Audi Q2 ,1.4 TFSI 150ch COD S line S tronic 7,"€ 39 990,-",Très bon prix,20 km,Boîte automatique,12/2017,Essence,112 kW (152 CH),,
324,Audi Q2 ,35 TFSI 150ch S line S tronic 7,"€ 42 990,-",Pas d'information,7 500 km,- Boîte,12/2023,Essence,112 kW (152 CH),,
325,Audi Q2 ,1.6 30 TDI 116,"€ 20 990,-",Bon prix,35 704 km,Boîte manuelle,08/2018,Diesel,85 kW (116 CH),,
326,Audi Q2 ,advanced 35 TFSI 110(150) kW(PS) Infotainmentp....,"€ 32 050,-",Pas d'information,- km,Boîte automatique,- (Année),Essence,110 kW (150 CH),,
327,Audi Q2 ,1.4 TFSI 150ch COD S line S tronic 7,"€ 39 990,-",Très bon prix,20 km,Boîte automatique,12/2017,Essence,112 kW (152 CH),,
328,Audi Q2 ,1.6 TDI 116 ch S tronic 7,"€ 24 900,-",Pas d'information,58 894 km,Boîte automatique,11/2018,Diesel,85 kW (116 CH),,
329,Audi Q2 ,2..0 TDI 190 ch S TRONIC 7 QUATTRO S LINE TOIT OUV,"€ 25 490,-",Bon prix,81 900 km,Boîte automatique,02/2017,Diesel,140 kW (190 CH),,
330,Audi Q2 ,35 TDI 150 S tronic 7 S line,"€ 40 898,-",Prix correct,10 km,Boîte automatique,01/2024,Diesel,110 kW (150 CH),,
331,Audi Q2 ,30 TDI 116ch Design Luxe S tronic 7,"€ 38 099,-",Pas d'information,7 000 km,Boîte automatique,05/2023,Diesel,- kW (- CH),,
332,Audi Q2 ,35 TFSI,"€ 28 900,-",Bon prix,26 500 km,Boîte automatique,09/2022,Essence,110 kW (150 CH),,
333,Audi Q2 ,35 TDI S line Martix Navi ACC AHK,"€ 35 980,-",Prix correct,15 422 km,Boîte automatique,05/2022,Diesel,110 kW (150 CH),,
334,Audi Q2 ,35 2.0 TDI advanced (EURO 6d),"€ 33 350,-",Prix correct,20 078 km,Boîte automatique,07/2023,Diesel,110 kW (150 CH),,
335,Audi Q2 ,35 TFSI,"€ 28 900,-",Bon prix,26 500 km,Boîte automatique,09/2022,Essence,110 kW (150 CH),,
336,Audi Q2 ,advanced,"€ 44 939,-",Pas d'information,100 km,Boîte automatique,- (Année),Diesel,85 kW (116 CH),,
337,Audi Q2 ,1.6 TDI 116 ch BVM6 Sport,"€ 18 900,-",Bon prix,110 000 km,Boîte manuelle,01/2017,Diesel,85 kW (116 CH),,
338,Audi Q2 ,1.4 TFSI COD 150 ch S tronic 7 Line,"€ 25 490,-",Pas d'information,54 000 km,Boîte manuelle,04/2018,Essence,110 kW (150 CH),,
339,Audi Q2 ,30 TDI S-TRONIC SPORT TOIT PANO LED GPS B\u0026O J,"€ 24 990,-",Bon prix,46 322 km,Boîte automatique,03/2019,Diesel,85 kW (116 CH),,
340,Audi Q2 ,35 TDI 150ch S line Plus quattro S tronic 7,"€ 32 490,-",Pas d'information,67 527 km,- Boîte,05/2021,Diesel,112 kW (152 CH),,
341,Audi Q2 ,35 TFSI,"€ 28 900,-",Bon prix,21 800 km,Boîte automatique,09/2022,Essence,110 kW (150 CH),,
342,Audi Q2 ,advanced 35 TFSI 110(150) kW(PS) Infotainmentp....,"€ 32 050,-",,,,,,,,
343,,,,,,,,,,,
344,,,,,,,,,,,
345,,,,,,,,,,,
346,,,,,,,,,,,
347,,,,,,,,,,,
348,,,,,,,,,,,
349,,,,,,,,,,,
350,,,,,,,,,,,
351,,,,,,,,,,,
352,,,,,,,,,,,
353,,,,,,,,,,,
354,,,,,,,,,,,
355,,,,,,,,,,,
356,,,,,,,,,,,
357,,,,,,,,,,,
358,,,,,,,,,,,
359,,,,,,,,,,,
360,Audi Q2 ,30 TDI 116 S tronic S line,"€ 22 490,-",Pas d'information,103 110 km,Boîte automatique,06/2020,Diesel,85 kW (116 CH),,
361,Audi Q2 ,Advanced/35 TFSI/S-tronic/LED/,"€ 30 990,-",Bon prix,19 495 km,Boîte automatique,01/2023,Essence,110 kW (150 CH),,
362,Audi Q2 ,35 TDI 150ch Design Luxe S tronic 7,"€ 38 790,-",Pas d'information,12 000 km,- Boîte,05/2023,Diesel,112 kW (152 CH),,
363,Audi Q2 ,2.0 TDI QUATTRO S-LINE S-TRONIC,"€ 23 490,-",Prix correct,104 900 km,Boîte automatique,03/2018,Diesel,111 kW (151 CH),,
364,Audi Q2 ,35 TFSI 150 S tronic 7 Design +,"€ 31 890,-",Prix correct,15 200 km,Boîte automatique,07/2023,Essence,110 kW (150 CH),,
365,Audi Q2 ,1.6 TDI 116 ch S tronic 7 Design,"€ 23 490,-",Pas d'information,78 997 km,Boîte automatique,04/2018,Diesel,85 kW (116 CH),,
366,Audi Q2 ,1.4 TFSI COD 150 ch BVM6 Sport,"€ 24 990,-",Pas d'information,46 236 km,Boîte manuelle,07/2018,Essence,110 kW (150 CH),,
367,Audi Q2 ,30TFSi Design *LED-CUIR-NAVI-VIRTUAL-PARKING*,"€ 21 990,-",Prix correct,45 000 km,Boîte manuelle,01/2020,Essence,85 kW (116 CH),,
368,Audi Q2 ,1.4 TFSI 150ch COD S LINE TRONIC 7,"€ 22 490,-",Bon prix,90 500 km,Boîte automatique,06/2019,Essence,111 kW (151 CH),,
369,Audi Q2 ,"35 TFSI advanced 150PS Car Play, Sitzh.","€ 34 530,-",Pas d'information,- km,Boîte automatique,- (Année),Essence,110 kW (150 CH),,
370,Audi Q2 ,S line,"€ 54 037,-",Pas d'information,25 km,Boîte automatique,- (Année),Diesel,110 kW (150 CH),,
371,Audi Q2 ,35 TFSI COD 150 S tronic 7 Design,"€ 31 490,-",Pas d'information,27 668 km,Boîte automatique,02/2021,Essence,110 kW (150 CH),,
372,Audi Q2 ,TDI 116 Design Luxe +Cuir +GPS,"€ 24 900,-",Pas d'information,49 871 km,Boîte manuelle,11/2018,Diesel,85 kW (116 CH),,
373,Audi Q2 ,35 TFSI COD 150 S tronic 7 Design,"€ 31 790,-",Pas d'information,28 113 km,Boîte automatique,02/2021,Essence,110 kW (150 CH),,
374,Audi Q2 ,35 TFSI,"€ 31 900,-",Bon prix,5 900 km,Boîte automatique,05/2023,Essence,110 kW (150 CH),,
375,Audi Q2 ,30 TFSI 110ch Design,"€ 28 990,-",Prix correct,13 148 km,Boîte manuelle,05/2023,Essence,82 kW (111 CH),,
376,Audi Q2 ,40TFSI/LED/Navi/Pano/Business,"€ 38 490,-",Bon prix,6 649 km,Boîte automatique,04/2023,Essence,140 kW (190 CH),,
377,Audi Q2 ,35 TFSI 150ch S line S tronic 7,"€ 32 490,-",Pas d'information,52 749 km,- Boîte,01/2021,Essence,112 kW (152 CH),,
378,Audi Q2 ,Advanced 35 TFSI,"€ 48 512,-",Pas d'information,1 km,Boîte automatique,- (Année),Essence,110 kW (150 CH),,
379,Audi Q2 ,"35 TFSI advanced 150PS Car Play, Sitzh.","€ 34 530,-",Pas d'information,- km,Boîte automatique,- (Année),Essence,110 kW (150 CH),,
380,Audi Q2 ,35 TDI,"€ 32 900,-",Bon prix,10 600 km,Boîte automatique,04/2023,Diesel,110 kW (150 CH),,
381,Audi Q2 ,35 2.0 TDI S line (EURO 6d),"€ 34 400,-",Prix correct,28 436 km,Boîte automatique,05/2023,Diesel,85 kW (116 CH),,
382,Audi Q2 ,35 TFSI,"€ 31 300,-",Bon prix,11 400 km,Boîte automatique,05/2023,Essence,110 kW (150 CH),,
383,Audi Q2 ,Q2 30 TDI 116 S tronic 7,"€ 25 490,-",Pas d'information,47 380 km,Semi-automatique,07/2018,Diesel,85 kW (116 CH),,
384,Audi Q2 ,30 TDI 116 S tronic 7 S line,"€ 21 490,-",Pas d'information,100 937 km,Boîte automatique,06/2019,Diesel,85 kW (116 CH),,
385,Audi Q2 ,Advanced/30TDI/DSG/LED/NAVI,"€ 29 490,-",Bon prix,21 932 km,Boîte automatique,05/2023,Diesel,85 kW (116 CH),,
386,Audi Q2 ,35 TDI 150ch S line Plus quattro S tronic 7,"€ 28 490,-",Pas d'information,77 300 km,- Boîte,05/2020,Diesel,112 kW (152 CH),,
387,Audi Q2 ,Q2 30 2.0 TDi 116cv Auto S-LINE (New mod),"€ 31 570,-",Très bon prix,1 000 km,Boîte automatique,11/2022,Diesel,85 kW (116 CH),,
388,Audi Q2 ,35 2.0 TDI S line (EURO 6d),"€ 34 400,-",Prix correct,29 290 km,Boîte automatique,05/2023,Diesel,85 kW (116 CH),,
389,Audi Q2 ,30 TFSI 110ch Design,"€ 28 980,-",Bon prix,10 000 km,Boîte manuelle,03/2023,Essence,82 kW (111 CH),,
390,Audi Q2 ,advanced,,Prix correct,3 200 km,Boîte automatique,01/2024,Diesel,85 kW (116 CH),,
391,Audi Q2 ,30 TDI 116ch S line S tronic 7,"€ 38 400,-",Pas d'information,5 000 km,Boîte automatique,05/2023,Diesel,- kW (- CH),,
392,Audi Q2 ,35 TFSI,"€ 31 900,-",Bon prix,7 900 km,Boîte automatique,05/2023,Essence,110 kW (150 CH),,
393,Audi Q2 ,30 TFSI 110ch Design,"€ 28 490,-",Bon prix,5 565 km,Boîte manuelle,07/2023,Essence,82 kW (111 CH),,
394,Audi Q2 ,35 2.0 TDI advanced (EURO 6d),"€ 34 700,-",Pas d'information,27 925 km,Boîte automatique,06/2023,Diesel,85 kW (116 CH),,
395,Audi Q2 ,35 TFSI 150ch S line S tronic 7,"€ 30 990,-",Pas d'information,54 249 km,Boîte automatique,11/2020,Essence,- kW (- CH),,
396,Audi Q2 ,30 TFSI 116 S tronic 7 DESIGN,"€ 21 990,-",Bon prix,52 814 km,Boîte automatique,05/2019,Essence,85 kW (116 CH),,
397,Audi Q2 ,35 TFSI 150ch S line S tronic 7,"€ 36 980,-",Pas d'information,19 978 km,- Boîte,09/2023,Essence,112 kW (152 CH),,
398,Audi Q2 ,advanced,"€ 35 887,-",Bon prix,5 200 km,Boîte automatique,01/2024,Diesel,85 kW (116 CH),,
399,Audi Q2 ,30 TDI 116ch Design,"€ 28 780,-",Bon prix,16 200 km,Boîte manuelle,02/2023,Diesel,87 kW (118 CH),,
400,Audi Q2 ,35 TDI,"€ 32 900,-",Bon prix,10 600 km,Boîte automatique,04/2023,Diesel,110 kW (150 CH),,
401,Audi Q2 ,35 2.0 TDI S line (EURO 6d),"€ 34 400,-",Prix correct,28 436 km,Boîte automatique,05/2023,Diesel,85 kW (116 CH),,
402,Audi Q2 ,35 TFSI,"€ 31 300,-",Bon prix,11 400 km,Boîte automatique,05/2023,Essence,110 kW (150 CH),,
403,Audi Q2 ,Q2 30 TDI 116 S tronic 7,"€ 25 490,-",Pas d'information,47 380 km,Semi-automatique,07/2018,Diesel,85 kW (116 CH),,
404,Audi Q2 ,30 TDI 116 S tronic 7 S line,"€ 21 490,-",Pas d'information,100 937 km,Boîte automatique,06/2019,Diesel,85 kW (116 CH),,
405,Audi Q2 ,Advanced/30TDI/DSG/LED/NAVI,"€ 29 490,-",Bon prix,21 932 km,Boîte automatique,05/2023,Diesel,85 kW (116 CH),,
406,Audi Q2 ,35 TDI 150ch S line Plus quattro S tronic 7,"€ 28 490,-",Pas d'information,77 300 km,- Boîte,05/2020,Diesel,112 kW (152 CH),,
407,Audi Q2 ,Q2 30 2.0 TDi 116cv Auto S-LINE (New mod),"€ 31 570,-",Très bon prix,1 000 km,Boîte automatique,11/2022,Diesel,85 kW (116 CH),,
408,Audi Q2 ,35 2.0 TDI S line (EURO 6d),"€ 34 400,-",Prix correct,29 290 km,Boîte automatique,05/2023,Diesel,85 kW (116 CH),,
409,Audi Q2 ,30 TFSI 110ch Design,"€ 28 980,-",Bon prix,10 000 km,Boîte manuelle,03/2023,Essence,82 kW (111 CH),,
410,Audi Q2 ,advanced,,Prix correct,3 200 km,Boîte automatique,01/2024,Diesel,85 kW (116 CH),,
411,Audi Q2 ,30 TDI 116ch S line S tronic 7,"€ 38 400,-",Pas d'information,5 000 km,Boîte automatique,05/2023,Diesel,- kW (- CH),,
412,Audi Q2 ,35 TFSI,"€ 31 900,-",Bon prix,7 900 km,Boîte automatique,05/2023,Essence,110 kW (150 CH),,
413,Audi Q2 ,30 TFSI 110ch Design,"€ 28 490,-",Bon prix,5 565 km,Boîte manuelle,07/2023,Essence,82 kW (111 CH),,
414,Audi Q2 ,35 2.0 TDI advanced (EURO 6d),"€ 34 700,-",Pas d'information,27 925 km,Boîte automatique,06/2023,Diesel,85 kW (116 CH),,
415,,,,,,,,,,,
416,,,,,,,,,,,
417,,,,,,,,,,,
418,,,,,,,,,,,
419,,,,,,,,,,,
